product_name,rating,cleaned_review,Sentiment,Sentiment_Score
"OPPO K12x 5G with 45W SUPERVOOC Charger In-The-Box (Breeze Blue, 128 GB) Reviews",4,awesome product price range,Positive,1
"OPPO K12x 5G with 45W SUPERVOOC Charger In-The-Box (Breeze Blue, 128 GB) Reviews",5,nice phone range fully satisfy battry backup awesome,Positive,1
"OPPO K12x 5G with 45W SUPERVOOC Charger In-The-Box (Breeze Blue, 128 GB) Reviews",5,camera iss good battery wow,Positive,1
"OPPO K12x 5G with 45W SUPERVOOC Charger In-The-Box (Breeze Blue, 128 GB) Reviews",5,nice camera superb,Positive,1
"OPPO K12x 5G with 45W SUPERVOOC Charger In-The-Box (Breeze Blue, 128 GB) Reviews",4,wonderful phone getting strain eyes display 720 rest nice phone bloatware much phone great price,Positive,1
"OPPO K12x 5G with 45W SUPERVOOC Charger In-The-Box (Breeze Blue, 128 GB) Reviews",5,excellent product office use nice design good performance,Positive,1
"OPPO K12x 5G with 45W SUPERVOOC Charger In-The-Box (Breeze Blue, 128 GB) Reviews",5,absolutely superb phone range overall performance good dont hesitate buy phone,Positive,1
"OPPO K12x 5G with 45W SUPERVOOC Charger In-The-Box (Breeze Blue, 128 GB) Reviews",4,overall good,Positive,1
"OPPO K12x 5G with 45W SUPERVOOC Charger In-The-Box (Breeze Blue, 128 GB) Reviews",4,amazing view camera quality best battery backup looking good display,Positive,1
"OPPO K12x 5G with 45W SUPERVOOC Charger In-The-Box (Breeze Blue, 128 GB) Reviews",4,mobile performance good battery drain fast display ok sound low compared realme 8 mobile camera good,Positive,1
"OPPO K12x 5G with 45W SUPERVOOC Charger In-The-Box (Breeze Blue, 128 GB) Reviews",5,dont listen negative comments perfect phone range,Positive,1
"OPPO K12x 5G with 45W SUPERVOOC Charger In-The-Box (Breeze Blue, 128 GB) Reviews",5,good,Positive,1
"OPPO K12x 5G with 45W SUPERVOOC Charger In-The-Box (Breeze Blue, 128 GB) Reviews",5,really awesome design10 display 8 battery10 charging10 camera8 performance9,Positive,1
"OPPO K12x 5G with 45W SUPERVOOC Charger In-The-Box (Breeze Blue, 128 GB) Reviews",5,best smartphone 15k,Positive,1
"OPPO K12x 5G with 45W SUPERVOOC Charger In-The-Box (Breeze Blue, 128 GB) Reviews",4,awesome mobile camera35 battery39 display45,Positive,1
"OPPO K12x 5G with 45W SUPERVOOC Charger In-The-Box (Breeze Blue, 128 GB) Reviews",5,good product,Positive,1
"OPPO K12x 5G with 45W SUPERVOOC Charger In-The-Box (Breeze Blue, 128 GB) Reviews",5,phone ideal users seeking durable sturdy device offers reliable overall performance including decent camera longlasting battery bright vibrant display designed smooth operation longterm use perfect everyday tasks stands dependable choice daily use youre prioritizing practical performance durability toptier specs phone excellent option,Positive,1
"OPPO K12x 5G with 45W SUPERVOOC Charger In-The-Box (Breeze Blue, 128 GB) Reviews",5,nice product love oppo always purchase sweet wife,Positive,1
"OPPO K12x 5G with 45W SUPERVOOC Charger In-The-Box (Breeze Blue, 128 GB) Reviews",5,good option ladies always throw phone floor angry negative thing display 720p,Negative,-1
"OPPO K12x 5G with 45W SUPERVOOC Charger In-The-Box (Breeze Blue, 128 GB) Reviews",4,good excellent nice best,Positive,1
"OPPO K12x 5G with 45W SUPERVOOC Charger In-The-Box (Breeze Blue, 128 GB) Reviews",5,phone good value money camera battery display performance,Positive,1
"OPPO K12x 5G with 45W SUPERVOOC Charger In-The-Box (Breeze Blue, 128 GB) Reviews",4,camera quality low facilities excellent,Positive,1
"OPPO K12x 5G with 45W SUPERVOOC Charger In-The-Box (Breeze Blue, 128 GB) Reviews",3,best,Positive,1
"OPPO K12x 5G with 45W SUPERVOOC Charger In-The-Box (Breeze Blue, 128 GB) Reviews",5,oppo k12x 5g,Neutral,0
"OPPO K12x 5G with 45W SUPERVOOC Charger In-The-Box (Breeze Blue, 128 GB) Reviews",5,one best phone range battery backup 55 camer quality 25 display 45 design 55 performance 55 aq prince range,Positive,1
"OPPO K12x 5G with 45W SUPERVOOC Charger In-The-Box (Breeze Blue, 128 GB) Reviews",5,worth,Positive,1
"OPPO K12x 5G with 45W SUPERVOOC Charger In-The-Box (Breeze Blue, 128 GB) Reviews",5,oppo k 12 5 g super gorgeous,Positive,1
"OPPO K12x 5G with 45W SUPERVOOC Charger In-The-Box (Breeze Blue, 128 GB) Reviews",5,super model,Positive,1
"OPPO K12x 5G with 45W SUPERVOOC Charger In-The-Box (Breeze Blue, 128 GB) Reviews",5,overall phone good budgets looking good camera good display ok,Positive,1
"OPPO K12x 5G with 45W SUPERVOOC Charger In-The-Box (Breeze Blue, 128 GB) Reviews",4,nice phone video super sound super,Positive,1
"OPPO K12x 5G with 45W SUPERVOOC Charger In-The-Box (Breeze Blue, 128 GB) Reviews",5,good happy,Positive,1
"OPPO K12x 5G with 45W SUPERVOOC Charger In-The-Box (Breeze Blue, 128 GB) Reviews",5,nice product well performed thank much flipkart,Positive,1
"OPPO K12x 5G with 45W SUPERVOOC Charger In-The-Box (Breeze Blue, 128 GB) Reviews",5,osm,Neutral,0
"OPPO K12x 5G with 45W SUPERVOOC Charger In-The-Box (Breeze Blue, 128 GB) Reviews",5,photo looking good camera good quality camera bad poor first day put change 100 7 hours without using battery charger 67 battery bad display phone also goodplease dont take phone waste money,Negative,-1
"OPPO K12x 5G with 45W SUPERVOOC Charger In-The-Box (Breeze Blue, 128 GB) Reviews",5,oppo k12x total value money smartphone used 10 days excellent performance smooth software experience long lasting battery 2 days awesome design great camera quality total satisfied smartphone give 9510 thanks flipkart oppo,Positive,1
"OPPO K12x 5G with 45W SUPERVOOC Charger In-The-Box (Breeze Blue, 128 GB) Reviews",5,nice quality oppo 12kx,Positive,1
"OPPO K12x 5G with 45W SUPERVOOC Charger In-The-Box (Breeze Blue, 128 GB) Reviews",5,battery best camera quality improved setting camera gaming mobile phone,Positive,1
"OPPO K12x 5G with 45W SUPERVOOC Charger In-The-Box (Breeze Blue, 128 GB) Reviews",5,superb mobile nice design battery performance good fabulous condition,Positive,1
"OPPO K12x 5G with 45W SUPERVOOC Charger In-The-Box (Breeze Blue, 128 GB) Reviews",5,camera 70 performance 80 product 85 battery 90 display size 85 design 90 everything also good condition,Positive,1
"OPPO K12x 5G with 45W SUPERVOOC Charger In-The-Box (Breeze Blue, 128 GB) Reviews",4,"looking awesome 1 camera710 2 battery1010 3 performance810 4 display ,810 5 charging adopter1010 6 designed910 good 13,000segments",Positive,1
"OPPO K12x 5G with 45W SUPERVOOC Charger In-The-Box (Breeze Blue, 128 GB) Reviews",5,amazing phone price range go vfm product one toughest fastest phones segment,Positive,1
"OPPO K12x 5G with 45W SUPERVOOC Charger In-The-Box (Breeze Blue, 128 GB) Reviews",5,best phone value money,Positive,1
"OPPO K12x 5G with 45W SUPERVOOC Charger In-The-Box (Breeze Blue, 128 GB) Reviews",5,oppo k12x 5g budgetfriendly smartphone offers impressive durability decent display solid performance making great choice seeking reliable affordable device oppo best work software good one problem bloatware,Positive,1
"OPPO K12x 5G with 45W SUPERVOOC Charger In-The-Box (Breeze Blue, 128 GB) Reviews",5,awesome mobile segment value money go worth every penny amazing camera quality best battery life user friendly ui,Positive,1
"OPPO K12x 5G with 45W SUPERVOOC Charger In-The-Box (Breeze Blue, 128 GB) Reviews",4,nice phone budget display fhd,Positive,1
"OPPO K12x 5G with 45W SUPERVOOC Charger In-The-Box (Breeze Blue, 128 GB) Reviews",5,nice product,Positive,1
"OPPO K12x 5G with 45W SUPERVOOC Charger In-The-Box (Breeze Blue, 128 GB) Reviews",3,bad camera quality good display design nice performance average battery performance bad camera quality price point,Negative,-1
"OPPO K12x 5G with 45W SUPERVOOC Charger In-The-Box (Breeze Blue, 128 GB) Reviews",3,battery low,Neutral,0
"OPPO K12x 5G with 45W SUPERVOOC Charger In-The-Box (Breeze Blue, 128 GB) Reviews",4,good product camera quality nice display beautiful thank flipkart,Positive,1
"OPPO K12x 5G with 45W SUPERVOOC Charger In-The-Box (Breeze Blue, 128 GB) Reviews",5,best smartphone 15k awesome good performance,Positive,1
"OPPO K12x 5G with 45W SUPERVOOC Charger In-The-Box (Breeze Blue, 128 GB) Reviews",5,nyc,Neutral,0
"OPPO K12x 5G with 45W SUPERVOOC Charger In-The-Box (Breeze Blue, 128 GB) Reviews",5,love oppo mobile like happy,Positive,1
"OPPO K12x 5G with 45W SUPERVOOC Charger In-The-Box (Breeze Blue, 128 GB) Reviews",5,best phone price segment one following features superb,Positive,1
"OPPO K12x 5G with 45W SUPERVOOC Charger In-The-Box (Breeze Blue, 128 GB) Reviews",4,oppo k12x excellent choice midrange phone offering impressive stability 360degree armor body design sleek premium reflecting oppos commitment quality performance solid good optimization though occasional lags expected price range camera decent could use improvement hopefully future updates enhance plus side storage optimization battery life 45 watt fast charger read,Positive,1
"OPPO K12x 5G with 45W SUPERVOOC Charger In-The-Box (Breeze Blue, 128 GB) Reviews",5,loved oppo mobile great performance like battery display camera smooth processor using oppo f 17 last 35 years lagging issue great phone go oppo phone undoubtedly,Positive,1
"OPPO K12x 5G with 45W SUPERVOOC Charger In-The-Box (Breeze Blue, 128 GB) Reviews",3,good deal price range,Positive,1
"OPPO K12x 5G with 45W SUPERVOOC Charger In-The-Box (Breeze Blue, 128 GB) Reviews",4,good quality,Positive,1
"OPPO K12x 5G with 45W SUPERVOOC Charger In-The-Box (Breeze Blue, 128 GB) Reviews",3,nice phone,Positive,1
"OPPO K12x 5G with 45W SUPERVOOC Charger In-The-Box (Breeze Blue, 128 GB) Reviews",5,best phone 15k,Positive,1
"OPPO K12x 5G with 45W SUPERVOOC Charger In-The-Box (Breeze Blue, 128 GB) Reviews",5,good mobile phone price camera45 display 55 battery 55 look 55 build quality 55 overall good mobile phone,Positive,1
"OPPO K12x 5G with 45W SUPERVOOC Charger In-The-Box (Breeze Blue, 128 GB) Reviews",4,best 5g mobile price love good,Positive,1
"OPPO K12x 5G with 45W SUPERVOOC Charger In-The-Box (Breeze Blue, 128 GB) Reviews",5,oppo k12 x 5g 1camera quality ok 2performance ok 3120hz refresh rate 4screen touch super 5battery performance super 6360degree armour body,Positive,1
"OPPO K12x 5G with 45W SUPERVOOC Charger In-The-Box (Breeze Blue, 128 GB) Reviews",4,nice phone,Positive,1
"OPPO K12x 5G with 45W SUPERVOOC Charger In-The-Box (Breeze Blue, 128 GB) Reviews",4,camera 510 future 810,Neutral,0
"OPPO K12x 5G with 45W SUPERVOOC Charger In-The-Box (Breeze Blue, 128 GB) Reviews",5,phone durable good performance 12 k oppo company toughest phone segment fast charging support 45 w supervooc charger boxi words explain greatness phone,Positive,1
"OPPO K12x 5G with 45W SUPERVOOC Charger In-The-Box (Breeze Blue, 128 GB) Reviews",4,camera710 battery 910 display 910in price range design 1010 performance cool,Positive,1
"OPPO K12x 5G with 45W SUPERVOOC Charger In-The-Box (Breeze Blue, 128 GB) Reviews",4,overall phone good camera good battery performance good,Positive,1
"OPPO K12x 5G with 45W SUPERVOOC Charger In-The-Box (Breeze Blue, 128 GB) Reviews",4,user oppo k12x 5g stands dependable performance robust battery life 120hz display offers smooth visuals making enjoyable gaming streaming content phones camera system reliable everyday photography especially useful features like dual view video vlogging fast charging longlasting battery life phone wont worry charging often software userfriendly oppo promises regular u read,Positive,1
"OPPO K12x 5G with 45W SUPERVOOC Charger In-The-Box (Breeze Blue, 128 GB) Reviews",5,best phone segment camera 45 battery 55 design 55 sound 55,Positive,1
"OPPO K12x 5G with 45W SUPERVOOC Charger In-The-Box (Breeze Blue, 128 GB) Reviews",5,mom brought phone really satisfied thankyou oppo,Positive,1
"OPPO K12x 5G with 45W SUPERVOOC Charger In-The-Box (Breeze Blue, 128 GB) Reviews",4,good,Positive,1
"OPPO K12x 5G with 45W SUPERVOOC Charger In-The-Box (Breeze Blue, 128 GB) Reviews",4,good,Positive,1
"OPPO K12x 5G with 45W SUPERVOOC Charger In-The-Box (Breeze Blue, 128 GB) Reviews",5,good product,Positive,1
"OPPO K12x 5G with 45W SUPERVOOC Charger In-The-Box (Breeze Blue, 128 GB) Reviews",4,good,Positive,1
"OPPO K12x 5G with 45W SUPERVOOC Charger In-The-Box (Breeze Blue, 128 GB) Reviews",4,amazing product recently upgraded oppo mobile phone exceeded expectations display stunning vibrant colors sharp resolution makes streaming videos browsing battery life impressive easily lasting full day even heavy use,Positive,1
"OPPO K12x 5G with 45W SUPERVOOC Charger In-The-Box (Breeze Blue, 128 GB) Reviews",4,handset good veluebal mony 13k camera display design processor good hand feel average medium large display uai experience good average 13k u purches find average device,Positive,1
"OPPO K12x 5G with 45W SUPERVOOC Charger In-The-Box (Breeze Blue, 128 GB) Reviews",4,nice,Positive,1
"OPPO K12x 5G with 45W SUPERVOOC Charger In-The-Box (Breeze Blue, 128 GB) Reviews",5,gast supervooc 45w changing good 5g mobile value money,Positive,1
"OPPO K12x 5G with 45W SUPERVOOC Charger In-The-Box (Breeze Blue, 128 GB) Reviews",5,good,Positive,1
"OPPO K12x 5G with 45W SUPERVOOC Charger In-The-Box (Breeze Blue, 128 GB) Reviews",5,real budget mobile decent processor display camera disappointing frequent lover capturing photos really good worth money,Positive,1
"OPPO K12x 5G with 45W SUPERVOOC Charger In-The-Box (Breeze Blue, 128 GB) Reviews",5,nyc,Neutral,0
"OPPO K12x 5G with 45W SUPERVOOC Charger In-The-Box (Breeze Blue, 128 GB) Reviews",4,good product likeit,Positive,1
"OPPO K12x 5G with 45W SUPERVOOC Charger In-The-Box (Breeze Blue, 128 GB) Reviews",5,awesome,Positive,1
"OPPO K12x 5G with 45W SUPERVOOC Charger In-The-Box (Breeze Blue, 128 GB) Reviews",4,value money,Neutral,0
"OPPO K12x 5G with 45W SUPERVOOC Charger In-The-Box (Breeze Blue, 128 GB) Reviews",4,good,Positive,1
"OPPO K12x 5G with 45W SUPERVOOC Charger In-The-Box (Breeze Blue, 128 GB) Reviews",4,camera decent display resulation decent performance awesome value money,Positive,1
"OPPO K12x 5G with 45W SUPERVOOC Charger In-The-Box (Breeze Blue, 128 GB) Reviews",5,needs focus display camera,Neutral,0
"OPPO K12x 5G with 45W SUPERVOOC Charger In-The-Box (Breeze Blue, 128 GB) Reviews",5,overall budget mobile phone,Neutral,0
"OPPO K12x 5G with 45W SUPERVOOC Charger In-The-Box (Breeze Blue, 128 GB) Reviews",5,neic phone,Neutral,0
"OPPO K12x 5G with 45W SUPERVOOC Charger In-The-Box (Breeze Blue, 128 GB) Reviews",5,good product price range,Positive,1
"Google Pixel 8 (Hazel, 256 GB) Reviews",5,bought p8 54k cc exchange offerso far highly satisfied display great less contrasty feel washed colour switching old phone getting 6 7 hrs sot new software update phone warm time network wifi havent noticed call drops think recent software update resolved many issues go gamer,Positive,1
"Google Pixel 8 (Hazel, 256 GB) Reviews",4,whoever thinking bout buying phone right stop aint getting good offers pixel fan point buying phone price pros cameras like every youtuber saying bout phones cameras top class raw photos really good details dynamic range pretty good would say photos better iphones videos phone easily compared videos iphone 131415 also wi read,Positive,1
"Google Pixel 8 (Hazel, 256 GB) Reviews",5,perfect size phone compact phone user hazel color looks amazing best display phone worldcheck dxomark rating phone quick touch amazing battery life decent considering display quality brightness im yes test camera pixel never disappoints genre,Positive,1
"Google Pixel 8 (Hazel, 256 GB) Reviews",5,phone excellent heating get ever slightly warm close hot tensor g1 g2 gotperformance top notch haptic phone ultimate way better phone including iphones display beautiful time google nailed feels premium,Positive,1
"Google Pixel 8 (Hazel, 256 GB) Reviews",4,initial impressions three days since got phone phone looks feels great better real life pictures even official pictures put google definitely eyeturner market full samsungs apples camera lives hype realistic images see eyes phone captures display amazing ui smooth premium feel small details animations etc google pays att read,Positive,1
"Google Pixel 8 (Hazel, 256 GB) Reviews",5,looking like worth,Positive,1
"Google Pixel 8 (Hazel, 256 GB) Reviews",5,feel premiumdisplay camera biuld quality superbheats little bit u use continuously,Negative,-1
"Google Pixel 8 (Hazel, 256 GB) Reviews",5,nice performance camera good software experience battery performance also good full day,Positive,1
"Google Pixel 8 (Hazel, 256 GB) Reviews",5,camera 1010 user experience 1010 display 1010 performance 1010 issues far 120hz display feels much better,Positive,1
"Google Pixel 8 (Hazel, 256 GB) Reviews",5,youll like great pics matter lighting came s22 ultra unlike p8 naturally knows take perfect contrasty pic idk best take feature must boon kids take lot group pics compact fast great screen easily visible even direct sunlight slick haptics battery lasts entire day smartness evenly spread across entire os superb value bought sale w read,Positive,1
"Google Pixel 8 (Hazel, 256 GB) Reviews",5,must buy amazing phone camera quality awesome hand feel also awesome go,Positive,1
"Google Pixel 8 (Hazel, 256 GB) Reviews",5,using pixel 8 256gb past one month smooth cool battery wont last suitable gaming superb camera quality design wise looking decent immersive,Positive,1
"Google Pixel 8 (Hazel, 256 GB) Reviews",5,ill update review phone receives 1 2 updates heating issues pretty bad,Negative,-1
"Google Pixel 8 (Hazel, 256 GB) Reviews",5,one best cameras get android phones,Positive,1
"Google Pixel 8 (Hazel, 256 GB) Reviews",5,much better older pixel 7really licked pixel 8 lot,Positive,1
"Google Pixel 8 (Hazel, 256 GB) Reviews",5,perfect phone dont go negative ratings phone good normal usage heating issue far feel battery draining fast disable digital wellbeing app android debloater,Positive,1
"Google Pixel 8 (Hazel, 256 GB) Reviews",5,well got exchange old phone using oneplus devices last siz years phone working fine last 15 days saw people talking battery period found similar previous phone full charge giving full day battery per usage camera good taking beautiful pictures low light ai features also fine havent used completely facing heating issue mentioned many reviews overall goo read,Positive,1
"Google Pixel 8 (Hazel, 256 GB) Reviews",5,brilliant colorbrilliant phone,Positive,1
"Google Pixel 8 (Hazel, 256 GB) Reviews",5,camera excellent smoothly working 1012 hour battery backup screen,Positive,1
"Google Pixel 8 (Hazel, 256 GB) Reviews",5,pixel king,Neutral,0
"Google Pixel 8 (Hazel, 256 GB) Reviews",4,phone gets warm basic tasks battery life also great imo update issues fixed software update,Positive,1
"Google Pixel 8 (Hazel, 256 GB) Reviews",5,absolute banger product google chose iphone 15 s24 oh right theres way im going back mid range cheap phone like oppos redmi like ill ever longevity google enough keep many years loved experience product far glad bought pixel 8 however still points note camera doesnt pro mode high res mode although read,Positive,1
"Google Pixel 8 (Hazel, 256 GB) Reviews",5,amazing phone google perfect size nice colour good,Positive,1
"Google Pixel 8 (Hazel, 256 GB) Reviews",5,best product actually pixel 8 disign good best camera quality ever device beats iphone 15 also camera performance design also,Positive,1
"Google Pixel 8 (Hazel, 256 GB) Reviews",5,overall classy product,Positive,1
"Google Pixel 8 (Hazel, 256 GB) Reviews",5,pixel ever used 1 camera 10 10 biggest samsung sensors ever gn2 2 display 1010 crisp 120 hz fantastic 3 design 1010 compact able believe everything 4 battery 910 decent battery,Positive,1
"Google Pixel 8 (Hazel, 256 GB) Reviews",4,phone average phone regarding price justified price pros 1 back camera top notch 2 low light photography awesome 3 smooth android experience 4 display good content consumption 5 lil bit gaming okay 6 backside look colour good gives premium feeling cons 1 selfie camera bad 2 battery drains quickly time 3 faced charging issue old oneplus adaptor 4 performance average 5 phone gets h read,Positive,1
"Google Pixel 8 (Hazel, 256 GB) Reviews",5,didnt see heating issues concern see niche product everyone hopefully pixels become mainstream,Neutral,0
"Google Pixel 8 (Hazel, 256 GB) Reviews",5,early review based first days experience 7 years os security updates pleasant unexpected fan since nexus series pixel series specifically pixel 8 major upgrade complementing ai photography google always champ os excelling hardware also combining ai photography cheers,Positive,1
"Google Pixel 8 (Hazel, 256 GB) Reviews",4,absolutely stunning phone price range good performance awesome camera display showstopper bbd sale,Positive,1
"Google Pixel 8 (Hazel, 256 GB) Reviews",4,deep dilemma phone buy phones samsungs one plus somehow heard great things one plus lately stuck top 3 wanted stick android apple needlessly exclusive ended samsung pixel shortlist reading multiple reviews went pixel 8 pleasant experience far amaze camera ai features handy compact phone google keeps nudges fun stuff like creating coll read,Positive,1
"Google Pixel 8 (Hazel, 256 GB) Reviews",3,upgraded vivo y50 pixel 8 1 performance great 2 camera definitely better apple colour quality improve blur potrait mode 3 battery 90 charge give 1 day battery life easily 4 design best world 5 display good bonus point tip go google charger bought ambrane charger said 30w written doun give power supply max 20v go google charger please dont go read,Positive,1
"Google Pixel 8 (Hazel, 256 GB) Reviews",5,better phone price u want within limits go best android phone without lags samsung google pixel rocks,Positive,1
"Google Pixel 8 (Hazel, 256 GB) Reviews",5,one word awesome,Positive,1
"Google Pixel 8 (Hazel, 256 GB) Reviews",5,nonsense phone great camera performance best compact phone best google features cherry top os support till 7 years,Positive,1
"Google Pixel 8 (Hazel, 256 GB) Reviews",3,bought big billion sale first premium mobile liked design easy single hand use display good haptics good camera decent explored much heats video calls battery big disappointment charge twice day dont buy mobile thinking 7 yr upgrade premium looks worth worth paying 60k plus premium chinese phones 40k way better,Positive,1
"Google Pixel 8 (Hazel, 256 GB) Reviews",5,worth camera 1010 performance 1010 display 1010 hand feel 1010 battery 810 software experience ai 1010,Positive,1
"Google Pixel 8 (Hazel, 256 GB) Reviews",5,great camera great specs im switched iphone xr pixel 8 pixel experience brilliant worth buying yes price kind higher phone u use device u feel like holding real flagship device better s23 iphone 14 cons phone different kind bugs felt using 8 hrs think updates fixed later guys u buy pixel device always buy google 30w charger along coz im charging apple read,Positive,1
"Google Pixel 8 (Hazel, 256 GB) Reviews",5,nice phone camera simply awesomeperformance smooth minimal heating issue might solved updates battery backup ok normal user charging faster google 30 w adapternot recommended gamers overall performance good certainly go,Positive,1
"Google Pixel 8 (Hazel, 256 GB) Reviews",5,im sure much negative talk product outside even flipkart reviews heating device didnt heat much yes slight warmth extensive usage observed iphone secondly liked pixel ai dude way smatter iphone aspects finally make decision want smarter phone way smatter apple pixel best 7 years software updates security p read,Positive,1
"Google Pixel 8 (Hazel, 256 GB) Reviews",4,everything fine heating issue required fixed dont play games anything phone gets heated even watching anything device,Positive,1
"Google Pixel 8 (Hazel, 256 GB) Reviews",4,awesome pers,Positive,1
"Google Pixel 8 (Hazel, 256 GB) Reviews",4,know bought india dont get much ai magic said phone really good use hands haptics screen buttons everything u interact really good experience camera phone praised also really good back camera switching 5 zoom taking pic anything closer yields pixelated image also u open camera apps abruptly killed yes 8gb aint enough keep app read,Positive,1
"Google Pixel 8 (Hazel, 256 GB) Reviews",5,initially received phone disappointed phone heating lot even idle searched heating issues found adaptive connectivity service process running background disabled phone wasnt heatingsometimes using camera performance dont play games never felt like performance issues lagsthis excellent phone considering buy stock android phone around 3035k,Positive,1
"Google Pixel 8 (Hazel, 256 GB) Reviews",5,writing review 10 days usage pros clean android experience pure stock lags jitter camera quality superb saturation colors like brands impossible take wrong photo pixel picture quality also near natural processing speed okay work heavy user gamer heating use phone constantly bearable normal get sky high hot battery decent cons su read,Positive,1
"Google Pixel 8 (Hazel, 256 GB) Reviews",5,say u dont play games heavy addictive user phone u go blindly camera never disappoints screen makes fall love haptic feedback vibration motor say love u may find lot negative feedback comments phone way show far better price bbd sale insane buy get,Negative,-1
"Google Pixel 8 (Hazel, 256 GB) Reviews",5,awesome,Positive,1
"Google Pixel 8 (Hazel, 256 GB) Reviews",5,phone beast camera1010 performance 910 display 1010,Neutral,0
"Google Pixel 8 (Hazel, 256 GB) Reviews",5,device feels perfect hands really appreciate pixel,Positive,1
"Google Pixel 8 (Hazel, 256 GB) Reviews",5,good,Positive,1
"Google Pixel 8 (Hazel, 256 GB) Reviews",5,rounded aluminium sides curved glass back feel nice easy holdnew generative ai features including various image video editing tools new abilities voice assistant overall best android phone ever launched futuristic,Positive,1
"Google Pixel 8 (Hazel, 256 GB) Reviews",5,value money contemporary iphone android,Positive,1
"Google Pixel 8 (Hazel, 256 GB) Reviews",5,excellent camera heating ok battery life average,Positive,1
"Google Pixel 8 (Hazel, 256 GB) Reviews",5,really good product much better iphone looking phone hand doesnt feel like costlier mobilebut using features makes unique stand step pixels,Positive,1
"Google Pixel 8 (Hazel, 256 GB) Reviews",5,purchased using iphone 12 mini 3 years beautiful design elegant looking camera also nice battery doesnt seem major issue display nice network issues use 4g downside noticed heats sometimes optical fingerprint sensor accurate always,Positive,1
"Google Pixel 8 (Hazel, 256 GB) Reviews",3,couldnt connect jio 5,Neutral,0
"Google Pixel 8 (Hazel, 256 GB) Reviews",3,good good samsung flagships areas except photos videos,Positive,1
"Google Pixel 8 (Hazel, 256 GB) Reviews",5,using stock android almost 10 years moto nexus note 2 motorola etc cons pixel 8 1battery doesnt last full day moderate use 2camera pop design makes mobile feel heavier 3save passwords error instead login id shows password 4gemini ai better good points display awesome hdr videos daily use sound good quick charging first 50 user friendly interface camera tooo good overall good mo read,Positive,1
"Google Pixel 8 (Hazel, 256 GB) Reviews",5,good bought around 50k good camera ultra smooth performance good value proposition bought around 50k,Positive,1
"Google Pixel 8 (Hazel, 256 GB) Reviews",5,im using dis mobile last 8 days 1 design looks classy 2 battery compare previous series much better v tell 3 display always superb 4 camera words bcoz im pixel lover previous mobile also pixel 4a usednow pixel 8 dout pics nd videos always gud dis pixel series 5 performance wise k bcoz im gaming person play gamessoo overall loved dis pixel 8 mobile,Positive,1
"Google Pixel 8 (Hazel, 256 GB) Reviews",5,google overall winner pixel 8 using phone last 3 weeks say totally impressed get phone google stands claim 7 years os update regrets time tell pros 1 performance smooth flagship killer ultimate gaming phone plesently surprised offer havent witnessed glitches lag far app use experience read,Positive,1
"Google Pixel 8 (Hazel, 256 GB) Reviews",5,traded pixel 7 im happy decision phone would like keep least 4 years phone perfect size one best display panels ive seen phones battery backup top notch theyve definitely improved speaker one os buttery smooth fixed biometric scanner issue face recognition finger print working better pixel 7 series area didnt find upgrade camera read,Positive,1
"Google Pixel 8 (Hazel, 256 GB) Reviews",4,good phone pixel software well optimised works smoothly display design excellent performance average phone gaming charges slowly sometimes feels little warm compact phone major issue,Positive,1
"Google Pixel 8 (Hazel, 256 GB) Reviews",4,great product google best gaming despite performance great,Positive,1
"Google Pixel 8 (Hazel, 256 GB) Reviews",4,dont know people complaining battery life connectivity issues dont connectivity issues getting use device whole day single charge camera performance excellent price definitely higher side u compromise camera 7 years android updates,Positive,1
"Google Pixel 8 (Hazel, 256 GB) Reviews",3,battery take 1 hour 45 minutes charge original google charger gets warm heavy task playing gamesyou need use phone back cover avoid body heating issue display sound design good quiet handy phone camera clarity good zooming missing phone strictly users love pixel experience others please stay better go better options,Positive,1
"Google Pixel 8 (Hazel, 256 GB) Reviews",5,good performance mobile camera overall better battery also superb everything super love pixel 8 device,Positive,1
"Google Pixel 8 (Hazel, 256 GB) Reviews",5,must buy good camera nice design thik pixel 4as display better google pixels phones6 7 8,Positive,1
"Google Pixel 8 (Hazel, 256 GB) Reviews",5,good,Positive,1
"Google Pixel 8 (Hazel, 256 GB) Reviews",4,great android phone excellent camera quality pros camera picture quality outstanding google processing capturing makes dslr like picturesedge detection perfect portrait mode ui smooth ui feel flagship experience design size compact great single hand usage design unique haptic vibration good ai features lots ai features makes phone brilliant ot read,Positive,1
"Google Pixel 8 (Hazel, 256 GB) Reviews",4,battery average top flagship heating issue doesnt last long camera usual typical pixel one best average selfie cam lowlight design awesome display crispy haptics best business,Positive,1
"Google Pixel 8 (Hazel, 256 GB) Reviews",4,battery better given price cant sustain even day full charge minimum app use,Positive,1
"Google Pixel 8 (Hazel, 256 GB) Reviews",4,using samsung flagship mid rangers since last 10 years put ui duplicate app stores decided switch pixel 8 design software fluid compared 3rd party uisvery happy camera performance flagship grade alongwith ai integration editing video n photos battery performance averagehope future updates improve performanceexperiencing heating issues extended usage specially 5gif want stick android read,Positive,1
"Google Pixel 8 (Hazel, 256 GB) Reviews",5,incredible experience pixel always earlier used pixel 4a 4 years still using also using pixel 8 last 5 months,Positive,1
"Google Pixel 8 (Hazel, 256 GB) Reviews",5,people told buy phone cause lots heating issues bought anywayyes heat time time youre using phone charging playing heavy games heat much people describe warm thats itand satisfied gaming performance phonethe battery life also badi heavy user played games always active social media still last whole day read,Positive,1
"Google Pixel 8 (Hazel, 256 GB) Reviews",5,design pixel 8 compact design making easier hold use onehanded display display higher refresh rate 120hz providing smoother visual experience camera camera takes excellent photos good lowlight performance battery charge phone 50 30 minutes using 30w pd charger google 5 6 hours screen time performance good normal users needs pure android ui smooth display working cons good fo read,Positive,1
"Google Pixel 8 (Hazel, 256 GB) Reviews",5,best phone best camera,Positive,1
"Google Pixel 8 (Hazel, 256 GB) Reviews",5,worth amount spend phone good phone bbd sale price wouldnt much phone cameras pro phone gets heated moderate usages,Positive,1
"Google Pixel 8 (Hazel, 256 GB) Reviews",5,excellent device always using google pixel devices since pixel 1 thanks google pixel lineup,Positive,1
"Google Pixel 8 (Hazel, 256 GB) Reviews",5,one underrated smartphone india say bought bbd sales 50 offer man love nothing would complain price smartphone brand provide features like 1 7 years software update u kidding 2 camara wow nothing say 3 size looks build quality premium features perfect 4 40k 256gb one really banger 5 software top notch may best sof read,Positive,1
"Google Pixel 8 (Hazel, 256 GB) Reviews",5,nice one,Positive,1
"Google Pixel 8 (Hazel, 256 GB) Reviews",5,worth product sale price,Positive,1
"Google Pixel 8 (Hazel, 256 GB) Reviews",5,overall good mobile price range,Positive,1
"Google Pixel 8 (Hazel, 256 GB) Reviews",5,good experience software got 49k think fair price device top camera experience upgrading 6a loving,Positive,1
"Google Pixel 8 (Hazel, 256 GB) Reviews",5,point time lots offers available recommended buy fan android,Positive,1
"Google Pixel 8 (Hazel, 256 GB) Reviews",5,4th pixel phone overall used pixel 2 pixel 4a pixel 6pro still using pixel 8 expected one also good use really loved new circle search feature,Positive,1
"Google Pixel 8 (Hazel, 256 GB) Reviews",5,go love google cleanest android camera settings one kind,Positive,1
"Google Pixel 8 (Hazel, 256 GB) Reviews",5,ai pixel seems better iphone areas overall good phone ai adjusts usage battery backup much better,Positive,1
"Google Pixel 8 (Hazel, 256 GB) Reviews",5,product good battery performance low,Positive,1
"Google Pixel 8 (Hazel, 256 GB) Reviews",5,till today smooth good use worth camera superb battery backup better previous generation,Positive,1
"Google Pixel 8 (Hazel, 256 GB) Reviews",4,good except heating,Positive,1
"Google Pixel 8 (Hazel, 256 GB) Reviews",3,everything good except heating issue battery drain even simple call gots heat like 45 degree,Positive,1
"Google Pixel 8 (Hazel, 256 GB) Reviews",5,4th pixel phone overall used pixel 2 pixel 4a pixel 6pro still using pixel 8 expected one also good use really loved new circle search feature,Positive,1
"Google Pixel 8 (Hazel, 256 GB) Reviews",5,good,Positive,1
"Google Pixel 8 (Hazel, 256 GB) Reviews",5,pixel keeps getting better better,Positive,1
"Google Pixel 8 (Hazel, 256 GB) Reviews",4,phone deserves place market pros camera quality improved sensor technology enhances photo video quality smooth performance enhanced processor ram deliver seamless multitasking gaming experience enhanced security features advanced security measures data protection privacy smart features like personal safety integration ai adaptive battery usage cons terrible charging speed even compared phones 2021 design r read,Positive,1
"Google Pixel 8 (Hazel, 256 GB) Reviews",2,heating issue,Neutral,0
"SAMSUNG Galaxy S23 FE (Purple, 256 GB) Reviews",4,excellent phone great display performance camera ticks almost boxes faced heating issues first 2 days updates happening cons battery life first 2 days even lasting one day improved lasting one day barely,Positive,1
"SAMSUNG Galaxy S23 FE (Purple, 256 GB) Reviews",4,nice,Positive,1
"SAMSUNG Galaxy S23 FE (Purple, 256 GB) Reviews",5,awesome displayoutstanding could better performancebest,Positive,1
"SAMSUNG Galaxy S23 FE (Purple, 256 GB) Reviews",5,excellent product,Positive,1
"SAMSUNG Galaxy S23 FE (Purple, 256 GB) Reviews",4,bought mom far good bezel thick overall performance good camera good,Positive,1
"SAMSUNG Galaxy S23 FE (Purple, 256 GB) Reviews",5,battery last max day moderate use rest best,Positive,1
"SAMSUNG Galaxy S23 FE (Purple, 256 GB) Reviews",4,brought samsung galaxy s23 fe 15 days ago camera quality good battery last 1 touch quite soft overall gives premium look nice phone,Positive,1
"SAMSUNG Galaxy S23 FE (Purple, 256 GB) Reviews",4,standing performance camera display battery mark also little bit heat,Negative,-1
"SAMSUNG Galaxy S23 FE (Purple, 256 GB) Reviews",3,camera side super ok battery performance bad im charging mobile twice daily mobile heating one oth major problem mobile cant bear heat due back side glass use glash also get heated within minutes design ok touch screen much adaptive display also goodif samsung overcome issues best phone ever otherwise waste money per opinion,Positive,1
"SAMSUNG Galaxy S23 FE (Purple, 256 GB) Reviews",3,battery worst,Negative,-1
"SAMSUNG Galaxy S23 FE (Purple, 256 GB) Reviews",3,overall phone good normal use theres heating issue use long time,Positive,1
"SAMSUNG Galaxy S23 FE (Purple, 256 GB) Reviews",5,good mobile regret buying ai features worth metioning battery little low thats good price camera awesome processor also good,Positive,1
"SAMSUNG Galaxy S23 FE (Purple, 256 GB) Reviews",5,battery drains fastbut features top notchthis first samsung mobilei satisfied,Positive,1
"SAMSUNG Galaxy S23 FE (Purple, 256 GB) Reviews",4,cant tell quality flipkart gives price range good phone camera excellent top quality performance one beat awesome,Positive,1
"SAMSUNG Galaxy S23 FE (Purple, 256 GB) Reviews",5,samsung galaxy s23 fe 128gb variant delivers almost flagshiplevel experience stunning display powerful performance versatile camera system significant drawback battery life might suffice power users nevertheless seeking highquality smartphone reasonable price galaxy s23 fe compelling choice offers great value moneyoverall despite battery backup issue experience samsung galaxy s23 f read,Positive,1
"SAMSUNG Galaxy S23 FE (Purple, 256 GB) Reviews",5,camera awesome loved want buy camera dont hesitate design mind blowing,Positive,1
"SAMSUNG Galaxy S23 FE (Purple, 256 GB) Reviews",3,phone shouldnt sold col regions mean heat produced phone could warm entire village,Positive,1
"SAMSUNG Galaxy S23 FE (Purple, 256 GB) Reviews",5,nice product whole dont play games battery lasts around 36 hours,Positive,1
"SAMSUNG Galaxy S23 FE (Purple, 256 GB) Reviews",5,pros 1 camera flagship level 2 display excellent 3 sound decent 4 softwareui excellent cons 1 battery life poor requires charged 2 times day m51 previously easily lasted 2 days medium usage even 3 years one step 2 phone gets heated medium usage excluding gaming still manageable,Positive,1
"SAMSUNG Galaxy S23 FE (Purple, 256 GB) Reviews",4,phone fully functional meets expectations im fully satisfied especially night photography however theres heating issue think due exynos processor one suggestion youre planning get s23 fe id recommend waiting months snapdragon version itll worth wait,Positive,1
"SAMSUNG Galaxy S23 FE (Purple, 256 GB) Reviews",5,overall good phone regular usage premium feel fantastic display fantastic speakers fantastic camera bezels little thick wont bother regular usage phone meant gaming,Positive,1
"SAMSUNG Galaxy S23 FE (Purple, 256 GB) Reviews",4,phone good overall camera top notch best camera segment display marvelous processor good reason rated 4 stars heating problem yes phone gets hot even u simple tasks battery good think samsung could better would still advice u buy phone keep heating issue mind,Positive,1
"SAMSUNG Galaxy S23 FE (Purple, 256 GB) Reviews",4,look design phone quite premium performance phone great display quality good smooth camera quality amazing battery backup heating problem little bit poor,Positive,1
"SAMSUNG Galaxy S23 FE (Purple, 256 GB) Reviews",4,love everything phone except battery drains fast put phone power saving use day work otherwise best cameras mindblowing,Positive,1
"SAMSUNG Galaxy S23 FE (Purple, 256 GB) Reviews",5,display 55 camera 55 performance 455 look 55 battery 45,Neutral,0
"SAMSUNG Galaxy S23 FE (Purple, 256 GB) Reviews",5,overall good phone except heating issues,Positive,1
"SAMSUNG Galaxy S23 FE (Purple, 256 GB) Reviews",4,camera good mobile heating issue,Positive,1
"SAMSUNG Galaxy S23 FE (Purple, 256 GB) Reviews",4,best phone 40k,Positive,1
"SAMSUNG Galaxy S23 FE (Purple, 256 GB) Reviews",5,quality wise disappoint good build gives premium feeling camera ultimate hero phone battery also good normal usage wont see drawback performance also decent one ui 61 comes good features cant see price segment mobiles thank,Positive,1
"SAMSUNG Galaxy S23 FE (Purple, 256 GB) Reviews",5,excellent camera quality price battery life quite short especially using camera overall great value money,Positive,1
"SAMSUNG Galaxy S23 FE (Purple, 256 GB) Reviews",3,camera display good phone heats lot battery drains quickly,Positive,1
"SAMSUNG Galaxy S23 FE (Purple, 256 GB) Reviews",4,honest review camera 4 battery 3 display 4 design 5 performance 4,Positive,1
"SAMSUNG Galaxy S23 FE (Purple, 256 GB) Reviews",4,good battery performance goodlooks good performance good camera good design good improve battery performance,Positive,1
"SAMSUNG Galaxy S23 FE (Purple, 256 GB) Reviews",4,camera quality amazing performance good reviewing 3 months design premium little heating issues using overall satisfied product,Positive,1
"SAMSUNG Galaxy S23 FE (Purple, 256 GB) Reviews",5,nice love,Positive,1
"SAMSUNG Galaxy S23 FE (Purple, 256 GB) Reviews",5,best performance phone everybody says battery good true 20 days using say good battery sot 3 4 hrs daily simulator games social media last day battery remaining 30 35 charge phone 1 time 24 hrs overall good package go,Positive,1
"SAMSUNG Galaxy S23 FE (Purple, 256 GB) Reviews",5,night mode awesome battery drain faster using hotspot gaming,Positive,1
"SAMSUNG Galaxy S23 FE (Purple, 256 GB) Reviews",5,pros 1very vibrant amoled display like apple 1400nits display enough daylight 2 camera awesome innovative 12mp camera super useful takes beautiful potraits like apple iphone 3gives premium feel hand price range 4outstanding display gorilla glass 5 protection sides 5battery last upto 1day moderate use 6switching apps super easy without lags 6bluetooth wifi connectivity fast c read,Positive,1
"SAMSUNG Galaxy S23 FE (Purple, 256 GB) Reviews",5,bbd 2024 ratings 15000 71024 reveiws crossed 32000 suggeted settings reduce heating battery drain issue 1 update latest software 2 use dark mode possible black wallpaper amoled blacks reduce battery consumption 3 battery protection 4 battery saving 5 performance profile normal enough daily use gaming setting automatocally changes max performance 6 screen ca read,Positive,1
"SAMSUNG Galaxy S23 FE (Purple, 256 GB) Reviews",4,good battery much satisfactory,Positive,1
"SAMSUNG Galaxy S23 FE (Purple, 256 GB) Reviews",5,good quality good camara phone hitting issue,Positive,1
"SAMSUNG Galaxy S23 FE (Purple, 256 GB) Reviews",5,phone samsung galaxy s23 fe really good sleek design handy camera performing outstanding adapter charger box sim ejector pin charging cable would come device,Positive,1
"SAMSUNG Galaxy S23 FE (Purple, 256 GB) Reviews",4,everything perfect except battery performance,Positive,1
"SAMSUNG Galaxy S23 FE (Purple, 256 GB) Reviews",2,mobile device experiencing elevated temperature reaching approximately 44 degrees celsius even limited usage watching fiveminute video regrettably appears lack adequate support flipkart addressing issue consequently recommend product based aforementioned concerns,Negative,-1
"SAMSUNG Galaxy S23 FE (Purple, 256 GB) Reviews",5,everything thing device good camera awesome manage battery efficiently going give good backup original charger charge fastbut dont know manage battery efficiently face battery backup issue know efficiently use phone phone never heatbut dont know use efficiently face heating issue display fantastic build quality goo read,Positive,1
"SAMSUNG Galaxy S23 FE (Purple, 256 GB) Reviews",5,good quality camera quality,Positive,1
"SAMSUNG Galaxy S23 FE (Purple, 256 GB) Reviews",5,good mobile,Positive,1
"SAMSUNG Galaxy S23 FE (Purple, 256 GB) Reviews",5,nice phone heating issue,Positive,1
"SAMSUNG Galaxy S23 FE (Purple, 256 GB) Reviews",5,great,Positive,1
"SAMSUNG Galaxy S23 FE (Purple, 256 GB) Reviews",5,camera phone,Neutral,0
"SAMSUNG Galaxy S23 FE (Purple, 256 GB) Reviews",4,ive using phone 15 months im super impressed camera solid 495 performance speedy 475 battery life bit letdown 355 lasts 1012 hours normal use charges fast 0 100 1 hour 20 minutes galaxy ai features also amazing heating issue beginning update problem solved id give phone 455 rating,Positive,1
"SAMSUNG Galaxy S23 FE (Purple, 256 GB) Reviews",5,best phone 36 k budget overall fells flagship phone hand use nice picture quality battery backup low full charge used maximum 5 6 hours daily task use ovell best best phone,Positive,1
"SAMSUNG Galaxy S23 FE (Purple, 256 GB) Reviews",4,23 fe amazing display smoothness day day task heavy small small features enhances experience like galaxy ai aod etc however battery warming issue tends one problems needs considered buying product youre someone uses phone alot throughout day need charge phone twice day thing also needs considered buying kind heavy weighted overall expe read,Positive,1
"SAMSUNG Galaxy S23 FE (Purple, 256 GB) Reviews",4,writing review 15 days buying bbd sale price 28k overall good phone issue battery drain 2 times charging need daysome heating issue normal like phones,Positive,1
"SAMSUNG Galaxy S23 FE (Purple, 256 GB) Reviews",4,camera good heating issue buy gaming,Positive,1
"SAMSUNG Galaxy S23 FE (Purple, 256 GB) Reviews",4,phone design nic everything good battery good others phone camera video best performance,Positive,1
"SAMSUNG Galaxy S23 FE (Purple, 256 GB) Reviews",4,using 2months never faced lag performance cons except battery,Neutral,0
"SAMSUNG Galaxy S23 FE (Purple, 256 GB) Reviews",4,battery drains faster heavy weight camera os good fast charging,Positive,1
"SAMSUNG Galaxy S23 FE (Purple, 256 GB) Reviews",4,camera good captures clear pictures modes build also solid slight problem phone getting hang observed couple times battery backup upto mark issues,Positive,1
"SAMSUNG Galaxy S23 FE (Purple, 256 GB) Reviews",5,camera superb battery decent hai 30k best mobile time worth buy,Positive,1
"SAMSUNG Galaxy S23 FE (Purple, 256 GB) Reviews",5,im impressed new samsung galaxy s23 fe camera quality incredible photos videos never looked better battery life also amazing easily go day without needing recharge plus design sleek stylish overall im extremely happy purchase would definitely recommend phone anyone looking great android device samsunggalaxys23fe newphonewhodis galaxys23fe,Positive,1
"SAMSUNG Galaxy S23 FE (Purple, 256 GB) Reviews",5,battery backup performance bad,Negative,-1
"SAMSUNG Galaxy S23 FE (Purple, 256 GB) Reviews",5,camera good battery dispointed,Positive,1
"SAMSUNG Galaxy S23 FE (Purple, 256 GB) Reviews",5,type phone super work,Positive,1
"SAMSUNG Galaxy S23 FE (Purple, 256 GB) Reviews",5,go everything best initially heating issue update normal battery performance great bad wellfor normal user need charge twice day,Positive,1
"SAMSUNG Galaxy S23 FE (Purple, 256 GB) Reviews",5,html programming run smoothly,Positive,1
"SAMSUNG Galaxy S23 FE (Purple, 256 GB) Reviews",3,s23 fe ok design performance okay battery optimization one worst segment expect 455 hrs sot average gets warm basic stuff updates downloads big file size gets hot unable hold hands specially form edges,Positive,1
"SAMSUNG Galaxy S23 FE (Purple, 256 GB) Reviews",4,osm product,Neutral,0
"SAMSUNG Galaxy S23 FE (Purple, 256 GB) Reviews",5,upgraded samsung m21 kept feeling amazed entire migration process samsung really refined smart switch utility extent new phone exact replica old one phone bit heavier side mainly due metal parts battery feels top notch premium performs buttery smooth note slippery glass sides good idea case ready comes camera stella read,Positive,1
"SAMSUNG Galaxy S23 FE (Purple, 256 GB) Reviews",3,camera super battery worst one day backup u r using watch connected via bluetooth u need charge 600 pm fully charged morning,Negative,-1
"SAMSUNG Galaxy S23 FE (Purple, 256 GB) Reviews",2,battery worst u charge twice everyday even normal use heats alot please dont buy phone,Negative,-1
"SAMSUNG Galaxy S23 FE (Purple, 256 GB) Reviews",4,feels premium hand clicks amazing photos camera beast features also next level price range problem battery need charge twice day hope resolved updates,Positive,1
"SAMSUNG Galaxy S23 FE (Purple, 256 GB) Reviews",4,samsung s23 fe solid phone several standout features camera quality impressive capturing detailed vibrant photos premium look feel sound quality excellent performancewise handles tasks efficiently smoothly however battery life downside requires charging least twice day pros camera excellent quality producing detailed vibrant photos design premium look feel sound quality clear robus read,Positive,1
"SAMSUNG Galaxy S23 FE (Purple, 256 GB) Reviews",5,samsung s23fe best phone 30k flagship phone writing review 4 days rating 810 camera 910 display 910 build quality 910 battery 410 caus drain fastly using full day need charge twice day phone highly recommend phone experience high level ai features,Positive,1
"SAMSUNG Galaxy S23 FE (Purple, 256 GB) Reviews",5,galaxy s23 fe awesome phone performance good camera awesome battery good overall nice phone,Positive,1
"SAMSUNG Galaxy S23 FE (Purple, 256 GB) Reviews",5,mobile looking beautiful,Positive,1
"SAMSUNG Galaxy S23 FE (Purple, 256 GB) Reviews",3,battery pathetic expected price point better go iphone,Negative,-1
"SAMSUNG Galaxy S23 FE (Purple, 256 GB) Reviews",4,camera gooddesign goodperformance goodbut battery backup goodneed charge twice daythere heating problem,Neutral,0
"SAMSUNG Galaxy S23 FE (Purple, 256 GB) Reviews",4,heat issue photos great outdoor,Positive,1
"SAMSUNG Galaxy S23 FE (Purple, 256 GB) Reviews",4,phone perfect two plus points two negative points positive 1 camera excellent budget segment 2 design build quality top notch negative 1 battery drains quickly 2 heating issue overall good phone,Positive,1
"SAMSUNG Galaxy S23 FE (Purple, 256 GB) Reviews",4,excellent camera design battery draining quick,Positive,1
"SAMSUNG Galaxy S23 FE (Purple, 256 GB) Reviews",4,one bad things heating issuesaffecting batteryi know vapour cooling chamber aluminum frame manage thats aluminum frame shocks skin simple usage heats lot think exynos cause camera ui galaxy ai something cover ups whole proper settings save battery backup,Negative,-1
"SAMSUNG Galaxy S23 FE (Purple, 256 GB) Reviews",4,samsung s23 fe best version never seen drawback battery camera outstanding love design feels like phone al applications awesome,Positive,1
"SAMSUNG Galaxy S23 FE (Purple, 256 GB) Reviews",4,"bought s23 fe 256 gb variant camera display ui awesome processor decent gamers battery backup average overall good device fill warm first 3,4 days becomes normal",Positive,1
"SAMSUNG Galaxy S23 FE (Purple, 256 GB) Reviews",4,everything good phone except heating issue bothering,Positive,1
"SAMSUNG Galaxy S23 FE (Purple, 256 GB) Reviews",4,battery drain easily touch good camera iike iphone better used,Positive,1
"SAMSUNG Galaxy S23 FE (Purple, 256 GB) Reviews",2,slow charged quickly battery discharge,Positive,1
"SAMSUNG Galaxy S23 FE (Purple, 256 GB) Reviews",3,good camera pleasant colours nice hold turns iron box used pathetic battery,Positive,1
"SAMSUNG Galaxy S23 FE (Purple, 256 GB) Reviews",3,camera priority dont like iphone go otherwise battery processor performance much,Positive,1
"SAMSUNG Galaxy S23 FE (Purple, 256 GB) Reviews",3,product good wanted send gift someone flipkart dont give facility,Positive,1
"SAMSUNG Galaxy S23 FE (Purple, 256 GB) Reviews",5,things good battery performance good samsung smartphone,Positive,1
"SAMSUNG Galaxy S23 FE (Purple, 256 GB) Reviews",5,type phone super work,Positive,1
"SAMSUNG Galaxy S23 FE (Purple, 256 GB) Reviews",5,camera display quality awesome battery need improve better design premium feel good hand im rating 75 10 heating bit,Positive,1
"SAMSUNG Galaxy S23 FE (Purple, 256 GB) Reviews",5,samsung s23 fe best mobile heating battery drone,Positive,1
"SAMSUNG Galaxy S23 FE (Purple, 256 GB) Reviews",5,great performance,Positive,1
"vivo T3x 5G (Crimson Bliss, 128 GB) Reviews",5,lookwise good performance price top notch display quality good display brightness awsome camara average battery backup wow network connectivity good got ruppes 12500 decent device daily usages overall experience satisfied,Positive,1
"vivo T3x 5G (Crimson Bliss, 128 GB) Reviews",5,good luking heavy battery backup,Positive,1
"vivo T3x 5G (Crimson Bliss, 128 GB) Reviews",5,front selfie camera,Neutral,0
"vivo T3x 5G (Crimson Bliss, 128 GB) Reviews",4,bought phone brother loved colour phone 13k good phone everyday use camera 4 display 5 sound 5 performance 4 overall 4,Positive,1
"vivo T3x 5G (Crimson Bliss, 128 GB) Reviews",5,processer good looks good camera average heating charging,Positive,1
"vivo T3x 5G (Crimson Bliss, 128 GB) Reviews",5,best mobile price rangedont think go itand btw camera quality speaker quality amazing loud stereo speakers slim phone crimson bliss colour besta special thanks vivo,Positive,1
"vivo T3x 5G (Crimson Bliss, 128 GB) Reviews",5,nice phone look smart choice 5g super fast,Positive,1
"vivo T3x 5G (Crimson Bliss, 128 GB) Reviews",4,battery 1010 camera 610 performance 710,Neutral,0
"vivo T3x 5G (Crimson Bliss, 128 GB) Reviews",5,sound quality awesome dual speaker,Positive,1
"vivo T3x 5G (Crimson Bliss, 128 GB) Reviews",5,nic,Neutral,0
"vivo T3x 5G (Crimson Bliss, 128 GB) Reviews",5,wonderful product vivo snapdragon 6 gen1 processor totally lag free smooth performance cameras night mode loved price range dual stereo speaker worked properly loudness battery massive like 2 days run normal use overall satisfy producthappy shopping flipkart,Positive,1
"vivo T3x 5G (Crimson Bliss, 128 GB) Reviews",4,best choice nice experience overall good phone,Positive,1
"vivo T3x 5G (Crimson Bliss, 128 GB) Reviews",5,features amazing laging awesome looks,Positive,1
"vivo T3x 5G (Crimson Bliss, 128 GB) Reviews",5,vivo t3x 5g fantastic smartphone delivers excellent performance price 5g connectivity ensures superfast internet speeds great streaming gaming browsing without lag display vibrant sharp making videos images look stunning battery life impressive lasting easily day heavy use fast charging bonus camera quality topnotch capturing detailed vibrant photos even low light overall read,Positive,1
"vivo T3x 5G (Crimson Bliss, 128 GB) Reviews",4,fully satisfied vivo t3x light weight superior design thanks flipkart,Positive,1
"vivo T3x 5G (Crimson Bliss, 128 GB) Reviews",5,excellent superb performances mobile phone fantastic go one best mobile vivo,Positive,1
"vivo T3x 5G (Crimson Bliss, 128 GB) Reviews",5,good product,Positive,1
"vivo T3x 5G (Crimson Bliss, 128 GB) Reviews",4,camera working properly portrait mode photo quality becomes bad portrait mode,Negative,-1
"vivo T3x 5G (Crimson Bliss, 128 GB) Reviews",5,nice pic good best camera good,Positive,1
"vivo T3x 5G (Crimson Bliss, 128 GB) Reviews",4,super,Positive,1
"vivo T3x 5G (Crimson Bliss, 128 GB) Reviews",5,good product,Positive,1
"vivo T3x 5G (Crimson Bliss, 128 GB) Reviews",3,recently bought model performance battery life wise mobile excellent design display good camara quality poor audio sound quality worst suggest mobile lite use u buy parents,Positive,1
"vivo T3x 5G (Crimson Bliss, 128 GB) Reviews",5,good,Positive,1
"vivo T3x 5G (Crimson Bliss, 128 GB) Reviews",5,rear camera awesome front camera average rest ok,Positive,1
"vivo T3x 5G (Crimson Bliss, 128 GB) Reviews",5,best,Positive,1
"vivo T3x 5G (Crimson Bliss, 128 GB) Reviews",5,reviews vivo t3x 5g generally positive noting battery life performance design however also mention average lowlight camera lack ultrawideangle lens insights reviews battery lifevivo t3x 5g large battery offers allday battery life performancevivo t3x 5g blazingfast performance designvivo t3x 5g unique design cameracamera quality top notch others say back camer read,Positive,1
"vivo T3x 5G (Crimson Bliss, 128 GB) Reviews",5,nice product,Positive,1
"vivo T3x 5G (Crimson Bliss, 128 GB) Reviews",4,value money battery good,Positive,1
"vivo T3x 5G (Crimson Bliss, 128 GB) Reviews",5,good product,Positive,1
"vivo T3x 5G (Crimson Bliss, 128 GB) Reviews",4,value money,Neutral,0
"vivo T3x 5G (Crimson Bliss, 128 GB) Reviews",5,value money,Neutral,0
"vivo T3x 5G (Crimson Bliss, 128 GB) Reviews",5,good,Positive,1
"vivo T3x 5G (Crimson Bliss, 128 GB) Reviews",5,nice phone price range powerful processer,Positive,1
"vivo T3x 5G (Crimson Bliss, 128 GB) Reviews",5,fabulous phone awesome brand gjbbb battery back mast camera brand brand,Positive,1
"vivo T3x 5G (Crimson Bliss, 128 GB) Reviews",5,going buy must buy buy 6gb 128gb version 4gb version heats much camera 1010 display 109 multiple tasking 1010 battery 1110 performance 1010 charging fast less bloat wares,Positive,1
"vivo T3x 5G (Crimson Bliss, 128 GB) Reviews",5,best phone,Positive,1
"vivo T3x 5G (Crimson Bliss, 128 GB) Reviews",4,awesome,Positive,1
"vivo T3x 5G (Crimson Bliss, 128 GB) Reviews",5,performance good finethanks filpcart,Positive,1
"vivo T3x 5G (Crimson Bliss, 128 GB) Reviews",5,nice products vivo t3x nice products nice products,Positive,1
"vivo T3x 5G (Crimson Bliss, 128 GB) Reviews",3,mobile mark performance gud cameras decent apps frozen sometimes mobile hanging gud mobile price range,Positive,1
"vivo T3x 5G (Crimson Bliss, 128 GB) Reviews",5,battery good display 109 camera 109 design 1010,Positive,1
"vivo T3x 5G (Crimson Bliss, 128 GB) Reviews",3,nice phone camera worst upset price buyed previously used vivo 1820 lot features camera 13 mp picture quality good even zoomed compared oppo motorola contacts phone dial page changed,Positive,1
"vivo T3x 5G (Crimson Bliss, 128 GB) Reviews",3,camera could improved per price range performance looks battery expected price,Negative,-1
"vivo T3x 5G (Crimson Bliss, 128 GB) Reviews",5,good product,Positive,1
"vivo T3x 5G (Crimson Bliss, 128 GB) Reviews",5,good mobile better sound experiences good quality mobile,Positive,1
"vivo T3x 5G (Crimson Bliss, 128 GB) Reviews",4,camera good 6000 mah battery like 4500 mah battery display price good design awesome performance price awesome,Positive,1
"vivo T3x 5G (Crimson Bliss, 128 GB) Reviews",5,best model ese use app vivot3 ese user,Positive,1
"vivo T3x 5G (Crimson Bliss, 128 GB) Reviews",5,amazing product,Positive,1
"vivo T3x 5G (Crimson Bliss, 128 GB) Reviews",5,performance fabulous,Positive,1
"vivo T3x 5G (Crimson Bliss, 128 GB) Reviews",5,nice,Positive,1
"vivo T3x 5G (Crimson Bliss, 128 GB) Reviews",5,good,Positive,1
"vivo T3x 5G (Crimson Bliss, 128 GB) Reviews",4,good device buy must,Positive,1
"vivo T3x 5G (Crimson Bliss, 128 GB) Reviews",5,nice nice,Positive,1
"vivo T3x 5G (Crimson Bliss, 128 GB) Reviews",5,good,Positive,1
"vivo T3x 5G (Crimson Bliss, 128 GB) Reviews",5,wonderful performance 4nm processor high camera quality,Positive,1
"vivo T3x 5G (Crimson Bliss, 128 GB) Reviews",5,120hz smooth phone best gaming battery backup also good camara also good price range rest good best phone price segment,Positive,1
"vivo T3x 5G (Crimson Bliss, 128 GB) Reviews",5,good battery backup,Positive,1
"vivo T3x 5G (Crimson Bliss, 128 GB) Reviews",5,camera 4 5 battery 5 5 display 5 5 design 5 5 performance 5 5 fact charging available opinion use 7 days love pohe highly recommended product,Positive,1
"vivo T3x 5G (Crimson Bliss, 128 GB) Reviews",5,best product battery performance high,Positive,1
"vivo T3x 5G (Crimson Bliss, 128 GB) Reviews",5,phone nice cemara average battery nice overall good phone,Positive,1
"vivo T3x 5G (Crimson Bliss, 128 GB) Reviews",4,product good like battery processor performance hate selfie camera bad totally garbage selfie camera,Negative,-1
"vivo T3x 5G (Crimson Bliss, 128 GB) Reviews",5,good quality camara,Positive,1
"vivo T3x 5G (Crimson Bliss, 128 GB) Reviews",5,great looking great battery great design overall budget friendly compact,Positive,1
"vivo T3x 5G (Crimson Bliss, 128 GB) Reviews",5,awesome using 5 day review phone good guys buy product,Positive,1
"vivo T3x 5G (Crimson Bliss, 128 GB) Reviews",5,hope department makes degine performance good budgesti want mobiles well functioning system,Positive,1
"vivo T3x 5G (Crimson Bliss, 128 GB) Reviews",5,price nice mobile,Positive,1
"vivo T3x 5G (Crimson Bliss, 128 GB) Reviews",5,nice phone,Positive,1
"vivo T3x 5G (Crimson Bliss, 128 GB) Reviews",5,nice mobile sound super,Positive,1
"vivo T3x 5G (Crimson Bliss, 128 GB) Reviews",5,nice phone vivo t3x,Positive,1
"vivo T3x 5G (Crimson Bliss, 128 GB) Reviews",5,good design,Positive,1
"vivo T3x 5G (Crimson Bliss, 128 GB) Reviews",5,nice phone,Positive,1
"vivo T3x 5G (Crimson Bliss, 128 GB) Reviews",4,good mobile price range performance overall good like mobile,Positive,1
"vivo T3x 5G (Crimson Bliss, 128 GB) Reviews",5,nice phone,Positive,1
"vivo T3x 5G (Crimson Bliss, 128 GB) Reviews",5,every thing fine play heavy gaming like cod bgmi new state extreme phone hot,Positive,1
"vivo T3x 5G (Crimson Bliss, 128 GB) Reviews",5,good like design 6gen rate high compare 6gb ram,Positive,1
"vivo T3x 5G (Crimson Bliss, 128 GB) Reviews",5,great phone price point great performance heating issue great design battery lasts 1 half dayonly front camera average 8 mp display super amoled,Positive,1
"vivo T3x 5G (Crimson Bliss, 128 GB) Reviews",5,nic mobile,Neutral,0
"vivo T3x 5G (Crimson Bliss, 128 GB) Reviews",5,good product,Positive,1
"vivo T3x 5G (Crimson Bliss, 128 GB) Reviews",5,product good camera quality nice,Positive,1
"vivo T3x 5G (Crimson Bliss, 128 GB) Reviews",5,nice phone mobile slime performance bes battery backup good overall value money,Positive,1
"vivo T3x 5G (Crimson Bliss, 128 GB) Reviews",5,excellent mobile parfomance good battery ok camera front little bit improve,Positive,1
"vivo T3x 5G (Crimson Bliss, 128 GB) Reviews",5,perfect allrounder budget,Positive,1
"vivo T3x 5G (Crimson Bliss, 128 GB) Reviews",4,best mobile compare mob,Positive,1
"vivo T3x 5G (Crimson Bliss, 128 GB) Reviews",5,value money,Neutral,0
"vivo T3x 5G (Crimson Bliss, 128 GB) Reviews",5,good,Positive,1
"vivo T3x 5G (Crimson Bliss, 128 GB) Reviews",5,absolutely awesome mobile price thanks flipkart best product affordable prices 1 camera good 2 display super 3 battery excellent 4 speaker super 5 performance excellent phone looks amazing words vivo t3x better mobile market price worth every penny thanks flipkart,Positive,1
"vivo T3x 5G (Crimson Bliss, 128 GB) Reviews",5,good phone,Positive,1
"vivo T3x 5G (Crimson Bliss, 128 GB) Reviews",5,value money product also recommend buy product,Neutral,0
"vivo T3x 5G (Crimson Bliss, 128 GB) Reviews",5,excellent mobile range camera performance good,Positive,1
"vivo T3x 5G (Crimson Bliss, 128 GB) Reviews",2,gaming performance bed,Neutral,0
"CMF by Nothing Phone 1 (Black, 128 GB) Reviews",4,phone awesome interfaceui good overall camera also good price,Positive,1
"CMF by Nothing Phone 1 (Black, 128 GB) Reviews",5,excellent mobile super undi aa price ki chala batter iphone feeling undi nijamga,Positive,1
"CMF by Nothing Phone 1 (Black, 128 GB) Reviews",5,okay dont know people saying camera good must say one best camera ever used ill update pic future performance good genshin run low smoothly new update fixed front camera much photoshop,Positive,1
"CMF by Nothing Phone 1 (Black, 128 GB) Reviews",4,product good back cover need metallic sim tray quality seems good software good fast ui good ringtones boring design good support 33 watt fast nothing charger yet available online offline 45 watt 65 watt charger available waiting availability 33 watt charger use dual sim memory card due low space sim tray either choose 1 memory card 1 si read,Positive,1
"CMF by Nothing Phone 1 (Black, 128 GB) Reviews",5,performance camera quality battery good,Positive,1
"CMF by Nothing Phone 1 (Black, 128 GB) Reviews",5,really impressive mobile good camera good battery backup good charging time also 45 minutes full charge really 16k mobile go one disappointment giving adaptor please give adaptor,Positive,1
"CMF by Nothing Phone 1 (Black, 128 GB) Reviews",5,camera ok noise night video stabilizer awesome performance amazing,Positive,1
"CMF by Nothing Phone 1 (Black, 128 GB) Reviews",5,features fine per value camera 35 display 55 battery 55 software 45,Positive,1
"CMF by Nothing Phone 1 (Black, 128 GB) Reviews",5,love design best performing os segment,Positive,1
"CMF by Nothing Phone 1 (Black, 128 GB) Reviews",4,value money,Neutral,0
"CMF by Nothing Phone 1 (Black, 128 GB) Reviews",5,look awesome value money,Positive,1
"CMF by Nothing Phone 1 (Black, 128 GB) Reviews",5,nice phone price range,Positive,1
"CMF by Nothing Phone 1 (Black, 128 GB) Reviews",5,nice phone,Positive,1
"CMF by Nothing Phone 1 (Black, 128 GB) Reviews",5,camera nice,Positive,1
"CMF by Nothing Phone 1 (Black, 128 GB) Reviews",5,best value money phone,Positive,1
"CMF by Nothing Phone 1 (Black, 128 GB) Reviews",3,charging phone feel earthing nuts literally feel shock guys please careful using phone charging,Negative,-1
"CMF by Nothing Phone 1 (Black, 128 GB) Reviews",5,product nice money value,Positive,1
"CMF by Nothing Phone 1 (Black, 128 GB) Reviews",5,good deal price detailed camera review soon,Positive,1
"CMF by Nothing Phone 1 (Black, 128 GB) Reviews",4,product good mobile slippery hand look wise also decent charger adaptor provided along phone transparent back cover also missing,Positive,1
"CMF by Nothing Phone 1 (Black, 128 GB) Reviews",5,go theres need wait front camera amazing clean os,Positive,1
"CMF by Nothing Phone 1 (Black, 128 GB) Reviews",4,best phone price range,Positive,1
"CMF by Nothing Phone 1 (Black, 128 GB) Reviews",5,mobile phone fantastic design stylish features advanced performance exceptional im truly impressed quality functionality thanks nothing,Positive,1
"CMF by Nothing Phone 1 (Black, 128 GB) Reviews",5,really good phone price range go,Positive,1
"CMF by Nothing Phone 1 (Black, 128 GB) Reviews",5,best mobile,Positive,1
"CMF by Nothing Phone 1 (Black, 128 GB) Reviews",5,good phone display really good camera needs improvement nothing os 26 awesome clean smooth ui battery usage superb,Positive,1
"CMF by Nothing Phone 1 (Black, 128 GB) Reviews",4,using one month let rate functionalities 10 battery 910 design 1010 display 710 camera 410 sound 710 haptics 710 brightness 710,Positive,1
"CMF by Nothing Phone 1 (Black, 128 GB) Reviews",5,best phone 15k20k youre wanting great performance based phone buying mom loved camera good phone long term use without lagging issues,Positive,1
"CMF by Nothing Phone 1 (Black, 128 GB) Reviews",5,superb,Positive,1
"CMF by Nothing Phone 1 (Black, 128 GB) Reviews",5,go,Neutral,0
"CMF by Nothing Phone 1 (Black, 128 GB) Reviews",5,simply excellent price worth super design super fast simply super,Positive,1
"CMF by Nothing Phone 1 (Black, 128 GB) Reviews",5,smooth price range camera performance average good battery life,Positive,1
"CMF by Nothing Phone 1 (Black, 128 GB) Reviews",3,approx 2 months use display hanging problem much battery backup less average average cameraso please dont buy phone totally waste money,Negative,-1
"CMF by Nothing Phone 1 (Black, 128 GB) Reviews",4,good phone price got bbd sale dad bcoz clean software experience zero bloatware usage minimal 1 design 45 plastic quality good feels solid unique colours modular design price great accesories great 2 display 45 price amoled display 120hz good indisplay fingerprint 3 camera 35 front rear cameras average daylight decent even slight low light read,Positive,1
"CMF by Nothing Phone 1 (Black, 128 GB) Reviews",5,ph outstanding price range software experience smooth one beat comes software department value money camera ok ok type suggest use lmc84 gcam best result,Positive,1
"CMF by Nothing Phone 1 (Black, 128 GB) Reviews",3,camera expected may add accessories also,Negative,-1
"CMF by Nothing Phone 1 (Black, 128 GB) Reviews",4,overall product good moderate usage heavy gaming casual gaming though software awesome camera good,Positive,1
"CMF by Nothing Phone 1 (Black, 128 GB) Reviews",5,camera decent best price design superb different experience android,Positive,1
"CMF by Nothing Phone 1 (Black, 128 GB) Reviews",5,best phone budget,Positive,1
"CMF by Nothing Phone 1 (Black, 128 GB) Reviews",5,camera 355 display 55 performance 45 speakers single 35 software 55 battery backup 455 overall mobile good pricecharger charger charger,Positive,1
"CMF by Nothing Phone 1 (Black, 128 GB) Reviews",4,camera good overall good 15k,Positive,1
"CMF by Nothing Phone 1 (Black, 128 GB) Reviews",3,camera good pls dont use locel charger current pass screws pls dont buy phone,Positive,1
"CMF by Nothing Phone 1 (Black, 128 GB) Reviews",3,good billd quality nice cemara scrow drive comes box sim egecter charging drain fast light heating,Positive,1
"CMF by Nothing Phone 1 (Black, 128 GB) Reviews",5,best phone budget superb build quality superb camera quality superb sound quality best design budget,Positive,1
"CMF by Nothing Phone 1 (Black, 128 GB) Reviews",4,nice phone,Positive,1
"CMF by Nothing Phone 1 (Black, 128 GB) Reviews",5,thats great worth,Positive,1
"CMF by Nothing Phone 1 (Black, 128 GB) Reviews",5,review 2 weeks usage pros 1 clean ui ads bloatware 2 impressive battery life 3 great performance 4 nothing os provides clean smooth experience 5 helpful nothing widgets cons 1 average camera quality,Positive,1
"CMF by Nothing Phone 1 (Black, 128 GB) Reviews",5,phone really imagination clean ui along processor something missing every chinese phone price range matter box product go wont ever regret,Positive,1
"CMF by Nothing Phone 1 (Black, 128 GB) Reviews",5,amazing experience value money iphone experience camera nice perfomancethanks big billion days always thankful flipkart,Positive,1
"CMF by Nothing Phone 1 (Black, 128 GB) Reviews",5,normally use iphone 14 pro bought phone mom mrwhosetheboss youtuber said hard digest good phone wrt budgets yes little compromises hardware camera fact runs stock android puts others loving really feel features thoughtfully developed kudos team nothing carl pie,Positive,1
"CMF by Nothing Phone 1 (Black, 128 GB) Reviews",5,nice product camera performance good smooth ui experience nothing os good use thanks flipkart service battery backup average need rectify pushing software update,Positive,1
"CMF by Nothing Phone 1 (Black, 128 GB) Reviews",5,nothing everything smooth working go low budget best phone,Positive,1
"CMF by Nothing Phone 1 (Black, 128 GB) Reviews",5,phone absolute value money 1 clean android experience ever seen absolutely zero bloatware fact even hide preinstalled google apps makes even better 2 nothing os absolute beast cloned apps many widgets double tap lock app lock individual apps pop view amazing features make standout pixel moto 3 33 w charging fast enough also good battery health 4 got rs 130 read,Positive,1
"CMF by Nothing Phone 1 (Black, 128 GB) Reviews",5,nice good,Positive,1
"CMF by Nothing Phone 1 (Black, 128 GB) Reviews",5,much value money performance top notch camera decent battery sufficient looks uncommon feels good hand amazing product nothing,Positive,1
"CMF by Nothing Phone 1 (Black, 128 GB) Reviews",3,big hang problem,Neutral,0
"CMF by Nothing Phone 1 (Black, 128 GB) Reviews",5,nice mobile unique design,Positive,1
"CMF by Nothing Phone 1 (Black, 128 GB) Reviews",5,wonderful phone nothing,Positive,1
"CMF by Nothing Phone 1 (Black, 128 GB) Reviews",4,nice,Positive,1
"CMF by Nothing Phone 1 (Black, 128 GB) Reviews",5,good phone choosing buying phone price range please must go cmf phone 1,Positive,1
"CMF by Nothing Phone 1 (Black, 128 GB) Reviews",4,nice budget phonecamera also goodsmooth displayeven using 60fps,Positive,1
"CMF by Nothing Phone 1 (Black, 128 GB) Reviews",5,bought bbd 13kfor 13k best option buymore 13k look options problem faced little bit heavy looks bulky keep one hand,Positive,1
"CMF by Nothing Phone 1 (Black, 128 GB) Reviews",5,request nothing company make always display feature available cmf phone 1 new update important phone good one feature missing due phone doesnt look good,Positive,1
"CMF by Nothing Phone 1 (Black, 128 GB) Reviews",5,great first day experience phone pros clean premium looking ui camera better expected photo taken device performance smooth till battery decent cons till could point single problem build quality back cover isnt good looks feels cheap overall product excellent ill update month,Positive,1
"CMF by Nothing Phone 1 (Black, 128 GB) Reviews",4,good mobile camera ok display os super 15000 best mobile,Positive,1
"CMF by Nothing Phone 1 (Black, 128 GB) Reviews",4,overall good daily use nothing ui good smooth use better stock android,Positive,1
"CMF by Nothing Phone 1 (Black, 128 GB) Reviews",4,nice phone little bit bigger si size,Positive,1
"CMF by Nothing Phone 1 (Black, 128 GB) Reviews",3,charger even given charger cable given please provide charger basis needed phone camera good,Positive,1
"CMF by Nothing Phone 1 (Black, 128 GB) Reviews",2,posting review 15 months usage pros 1 performance bgmi codm run 60 fps 2 clutterfree ui almost bloatware cons 1 durability less endurance water even splash water screw display less ip ratings display gone splash passing motorbike 2 camera comparison mobiles segment 3 slower charging read,Negative,-1
"CMF by Nothing Phone 1 (Black, 128 GB) Reviews",5,perfectly working fine display upto mark,Positive,1
"CMF by Nothing Phone 1 (Black, 128 GB) Reviews",4,compared money phone good mobile phone absolutely value money want think getting phone definitely get advertise whether phone ok,Positive,1
"CMF by Nothing Phone 1 (Black, 128 GB) Reviews",4,giving 4 stars amazing phone worth every penny perfect im listing issues faced previous 5 days usage 1 calls disturbances heard receivers endits less frequent latest update 2while fast charging 33w charger felt shock back screws phone making unsuable sure whether common problem fault device issue present currently using backcover avoid shoc read,Positive,1
"CMF by Nothing Phone 1 (Black, 128 GB) Reviews",4,cmf phone 1 offers good quality amoled display making enjoyable watching movies user interface smooth performance adequate daily tasks audio output good although could better dual speakers 5g battery provides 7 8 hours normal usage camera good price enhanced gcam mod call quality good making strong contender budget category main drawback mono speake read,Positive,1
"CMF by Nothing Phone 1 (Black, 128 GB) Reviews",4,good go nice one even though budget phone quite highend features early review side hope last longer coz ive bought except samsung try another one,Positive,1
"CMF by Nothing Phone 1 (Black, 128 GB) Reviews",4,good phone segment jabardast smart bay,Positive,1
"CMF by Nothing Phone 1 (Black, 128 GB) Reviews",5,unbox 1st sale order good one per expected,Positive,1
"CMF by Nothing Phone 1 (Black, 128 GB) Reviews",5,price one beat display awesome n fast processing everything works fineand android version without third party software,Positive,1
"CMF by Nothing Phone 1 (Black, 128 GB) Reviews",5,rounder budget friendly phone design unique smooth ui good battery backup,Positive,1
"CMF by Nothing Phone 1 (Black, 128 GB) Reviews",5,awesome phone 16k decent look product finishing good cmf directly competes nothing 2a,Positive,1
"CMF by Nothing Phone 1 (Black, 128 GB) Reviews",5,good,Positive,1
"CMF by Nothing Phone 1 (Black, 128 GB) Reviews",5,good looking phone feels gud handy camera quality better compare segments,Positive,1
"CMF by Nothing Phone 1 (Black, 128 GB) Reviews",3,camera leg dull software little hanging problem,Negative,-1
"CMF by Nothing Phone 1 (Black, 128 GB) Reviews",4,ill keep crisp short want performance budget 16k go using last 7 days review design5 battery4 charging speed5 display5 processor5 camera3 go use camera much overall great package,Positive,1
"CMF by Nothing Phone 1 (Black, 128 GB) Reviews",5,great value money best phone 15k,Positive,1
"CMF by Nothing Phone 1 (Black, 128 GB) Reviews",4,pros feel like iphonehardware design display quality software top notch cons comparatively heavy screen size language selection minor issue englishindia missing camera ois support sugg would screen size 63 real game changer mobile generation perfect competition iphones bigger phones uncomfortable one hand lost premium feelrefersh rate optional 90hz read,Negative,-1
"CMF by Nothing Phone 1 (Black, 128 GB) Reviews",3,battery performance mark,Neutral,0
"CMF by Nothing Phone 1 (Black, 128 GB) Reviews",5,cmf nothing phone 1 excellent smartphone must say lived hype reasons buy phone 1 unique eyecatching design 2 replaceable back covers 3 super amoled display 4 indisplay fingerprint 5 nothing os 6 affordable price first experience nothing os must admit addictive love widgets decorate screen widgets decoration one thing widgets purpose useful read,Positive,1
"CMF by Nothing Phone 1 (Black, 128 GB) Reviews",5,great product audience basic regular use buy heavy user great stock android bloatware much customization available every aspect,Positive,1
"CMF by Nothing Phone 1 (Black, 128 GB) Reviews",4,first impression looks good phone clean unnecessary recommendation download app useless pre installed app gallery app phone clicked photos access google phots using file manager phone comes screen protection charging cable sim ejector tool charger box phone runs smoothly display good,Positive,1
"CMF by Nothing Phone 1 (Black, 128 GB) Reviews",4,everything good,Positive,1
"CMF by Nothing Phone 1 (Black, 128 GB) Reviews",4,phone best compared similar battery drains really fast,Positive,1
